Nome,Idade,Salario,Imposto
Caio,38,3624,652.3199999999999
Mike,35,9876,1777.6799999999998
Gustavo,22,4862,875.16
Joao,37,3468,624.24
Gabriel,39,7469,1344.4199999999998
Luis,44,3489,628.02
